awayTeamId,awayTeamScore,gameDate,gameId,gameRating,gameStars,homeTeamId,homeTeamScore
NYK,88,2016-10-25,20161025NYKCLE,7,2,CLE,117
UTA,104,2016-10-25,20161025UTAPOR,19,4,POR,113
SAS,129,2016-10-25,20161025SASGSW,27,3,GSW,100
DAL,121,2016-10-26,20161026DALIND,34,6,IND,130
MIA,108,2016-10-26,20161026MIAORL,3,2,ORL,96
BKN,117,2016-10-26,20161026BKNBOS,7,5,BOS,122
DET,91,2016-10-26,20161026DETTOR,5,5,TOR,109
CHA,107,2016-10-26,20161026CHAMIL,4,7,MIL,96
DEN,107,2016-10-26,20161026DENNOP,17,6,NOP,102
MIN,98,2016-10-26,20161026MINMEM,16,9,MEM,102
OKC,103,2016-10-26,20161026OKCPHI,16,6,PHI,97
SAC,113,2016-10-26,20161026SACPHX,-2,2,PHX,94
HOU,114,2016-10-26,20161026HOULAL,23,6,LAL,120
WAS,99,2016-10-27,20161027WASATL,6,2,ATL,114
BOS,99,2016-10-27,20161027BOSCHI,16,7,CHI,105
LAC,114,2016-10-27,20161027LACPOR,13,8,POR,106
SAS,102,2016-10-27,20161027SASSAC,8,5,SAC,94
CLE,94,2016-10-28,20161028CLETOR,24,6,TOR,91
IND,94,2016-10-28,20161028INDBKN,4,2,BKN,103
ORL,82,2016-10-28,20161028ORLDET,-7,1,DET,108
CHA,97,2016-10-28,20161028CHAMIA,13,8,MIA,91
PHX,110,2016-10-28,20161028PHXOKC,33,10,OKC,113
HOU,106,2016-10-28,20161028HOUDAL,1,4,DAL,98
LAL,89,2016-10-28,20161028LALUTA,6,6,UTA,96
GSW,122,2016-10-28,20161028GSWNOP,15,9,NOP,114
ATL,104,2016-10-29,20161029ATLPHI,-8,1,PHI,72
BOS,104,2016-10-29,20161029BOSCHA,9,7,CHA,98
MEM,104,2016-10-29,20161029MEMNYK,18,9,NYK,111
ORL,99,2016-10-29,20161029ORLCLE,10,9,CLE,105
BKN,108,2016-10-29,20161029BKNMIL,15,7,MIL,110
IND,101,2016-10-29,20161029INDCHI,4,7,CHI,118
NOP,79,2016-10-29,20161029NOPSAS,4,3,SAS,98
POR,115,2016-10-29,20161029PORDEN,23,9,DEN,113
MIN,103,2016-10-29,20161029MINSAC,14,9,SAC,106
UTA,75,2016-10-30,20161030UTALAC,-8,4,LAC,88
GSW,106,2016-10-30,20161030GSWPHX,15,7,PHX,100
MIL,83,2016-10-30,20161030MILDET,1,2,DET,98
SAS,106,2016-10-30,20161030SASMIA,6,4,MIA,99
LAL,96,2016-10-30,20161030LALOKC,3,3,OKC,113
DAL,92,2016-10-30,20161030DALHOU,18,6,HOU,93
WAS,103,2016-10-30,20161030WASMEM,6,6,MEM,112
CHI,118,2016-10-31,20161031CHIBKN,1,1,BKN,88
DEN,102,2016-10-31,20161031DENTOR,10,7,TOR,105
SAC,95,2016-10-31,20161031SACATL,5,2,ATL,106
PHX,98,2016-10-31,20161031PHXLAC,2,3,LAC,116
HOU,120,2016-11-01,20161101HOUCLE,9,8,CLE,128
LAL,108,2016-11-01,20161101LALIND,4,4,IND,115
ORL,103,2016-11-01,20161101ORLPHI,9,9,PHI,101
NYK,89,2016-11-01,20161101NYKDET,0,2,DET,102
SAC,96,2016-11-01,20161101SACMIA,6,3,MIA,108
MEM,80,2016-11-01,20161101MEMMIN,3,2,MIN,116
MIL,117,2016-11-01,20161101MILNOP,6,4,NOP,113
UTA,106,2016-11-01,20161101UTASAS,6,4,SAS,91
GSW,127,2016-11-01,20161101GSWPOR,0,3,POR,104
PHI,93,2016-11-02,20161102PHICHA,4,5,CHA,109
TOR,113,2016-11-02,20161102TORWAS,10,8,WAS,103
DET,101,2016-11-02,20161102DETBKN,2,2,BKN,109
HOU,118,2016-11-02,20161102HOUNYK,-2,2,NYK,99
LAL,123,2016-11-02,20161102LALATL,14,7,ATL,116
CHI,100,2016-11-02,20161102CHIBOS,9,4,BOS,107
NOP,83,2016-11-02,20161102NOPMEM,6,7,MEM,89
DAL,81,2016-11-02,20161102DALUTA,1,3,UTA,97
POR,115,2016-11-02,20161102PORPHX,31,8,PHX,118
OKC,85,2016-11-02,20161102OKCLAC,18,8,LAC,83
SAC,94,2016-11-03,20161103SACORL,3,2,ORL,102
BOS,122,2016-11-03,20161103BOSCLE,7,6,CLE,128
DEN,102,2016-11-03,20161103DENMIN,15,7,MIN,99
IND,107,2016-11-03,20161103INDMIL,2,3,MIL,125
OKC,96,2016-11-03,20161103OKCGSW,-5,3,GSW,122
ATL,92,2016-11-04,20161104ATLWAS,11,6,WAS,95
CHA,99,2016-11-04,20161104CHABKN,10,6,BKN,95
MIA,87,2016-11-04,20161104MIATOR,5,6,TOR,96
LAC,99,2016-11-04,20161104LACMEM,2,4,MEM,88
NYK,117,2016-11-04,20161104NYKCHI,7,2,CHI,104
PHX,112,2016-11-04,20161104PHXNOP,19,7,NOP,111
POR,105,2016-11-04,20161104PORDAL,8,7,DAL,95
SAS,100,2016-11-04,20161104SASUTA,4,4,UTA,86
GSW,97,2016-11-04,20161104GSWLAL,22,2,LAL,117
MIN,92,2016-11-05,20161105MINOKC,1,2,OKC,112
CHI,94,2016-11-05,20161105CHIIND,0,2,IND,111
CLE,102,2016-11-05,20161105CLEPHI,28,7,PHI,101
DEN,86,2016-11-05,20161105DENDET,1,2,DET,103
WAS,86,2016-11-05,20161105WASORL,11,7,ORL,88
HOU,97,2016-11-05,20161105HOUATL,1,2,ATL,112
SAC,91,2016-11-05,20161105SACMIL,1,1,MIL,117
LAC,116,2016-11-05,20161105LACSAS,-5,3,SAS,92
UTA,114,2016-11-06,20161106UTANYK,14,8,NYK,109
POR,100,2016-11-06,20161106PORMEM,13,7,MEM,94
SAC,96,2016-11-06,20161106SACTOR,9,6,TOR,91
MIL,75,2016-11-06,20161106MILDAL,7,6,DAL,86
DEN,123,2016-11-06,20161106DENBOS,2,4,BOS,107
PHX,108,2016-11-06,20161106PHXLAL,6,3,LAL,119
HOU,114,2016-11-07,20161107HOUWAS,9,5,WAS,106
IND,100,2016-11-07,20161107INDCHA,-3,1,CHA,122
UTA,109,2016-11-07,20161107UTAPHI,1,2,PHI,84
MIA,85,2016-11-07,20161107MIAOKC,1,3,OKC,97
ORL,80,2016-11-07,20161107ORLCHI,1,1,CHI,112
DET,82,2016-11-07,20161107DETLAC,3,2,LAC,114
NOP,106,2016-11-07,20161107NOPGSW,21,6,GSW,116
ATL,110,2016-11-08,20161108ATLCLE,19,5,CLE,106
MIN,110,2016-11-08,20161108MINBKN,9,5,BKN,119
DEN,107,2016-11-08,20161108DENMEM,19,8,MEM,108
PHX,121,2016-11-08,20161108PHXPOR,9,8,POR,124
DAL,109,2016-11-08,20161108DALLAL,4,2,LAL,97
NOP,94,2016-11-08,20161108NOPSAC,2,2,SAC,102
BKN,96,2016-11-09,20161109BKNNYK,8,5,NYK,110
BOS,93,2016-11-09,20161109BOSWAS,-2,2,WAS,118
MIN,123,2016-11-09,20161109MINORL,4,3,ORL,107
PHI,115,2016-11-09,20161109PHIIND,9,6,IND,122
UTA,98,2016-11-09,20161109UTACHA,6,6,CHA,104
CHI,107,2016-11-09,20161109CHIATL,8,3,ATL,115
TOR,112,2016-11-09,20161109TOROKC,7,7,OKC,102
DET,100,2016-11-09,20161109DETPHX,5,5,PHX,107
HOU,101,2016-11-09,20161109HOUSAS,15,5,SAS,99
DAL,95,2016-11-09,20161109DALGSW,0,2,GSW,116
POR,80,2016-11-09,20161109PORLAC,-3,3,LAC,111
CHI,98,2016-11-10,20161110CHIMIA,13,6,MIA,95
NOP,112,2016-11-10,20161110NOPMIL,2,4,MIL,106
GSW,125,2016-11-10,20161110GSWDEN,0,2,DEN,101
LAL,101,2016-11-10,20161110LALSAC,10,7,SAC,91
CLE,105,2016-11-11,20161111CLEWAS,9,6,WAS,94
IND,105,2016-11-11,20161111INDPHI,14,7,PHI,109
TOR,113,2016-11-11,20161111TORCHA,20,10,CHA,111
UTA,87,2016-11-11,20161111UTAORL,2,3,ORL,74
NYK,87,2016-11-11,20161111NYKBOS,2,2,BOS,115
LAC,110,2016-11-11,20161111LACOKC,11,9,OKC,108
DET,86,2016-11-11,20161111DETSAS,4,3,SAS,96
SAC,120,2016-11-11,20161111SACPOR,14,6,POR,122
BOS,105,2016-11-12,20161112BOSIND,8,6,IND,99
LAL,126,2016-11-12,20161112LALNOP,2,1,NOP,99
NYK,107,2016-11-12,20161112NYKTOR,14,8,TOR,118
PHI,96,2016-11-12,20161112PHIATL,3,3,ATL,117
LAC,119,2016-11-12,20161112LACMIN,-1,3,MIN,105
SAS,106,2016-11-12,20161112SASHOU,8,6,HOU,100
UTA,102,2016-11-12,20161112UTAMIA,3,3,MIA,91
WAS,95,2016-11-12,20161112WASCHI,4,5,CHI,106
MEM,96,2016-11-12,20161112MEMMIL,3,3,MIL,106
BKN,122,2016-11-12,20161112BKNPHX,-1,2,PHX,104
DET,106,2016-11-12,20161112DETDEN,1,2,DEN,95
CHA,93,2016-11-13,20161113CHACLE,10,6,CLE,100
LAL,99,2016-11-13,20161113LALMIN,4,1,MIN,125
ORL,119,2016-11-13,20161113ORLOKC,17,8,OKC,117
PHX,120,2016-11-13,20161113PHXGSW,11,4,GSW,133
DEN,105,2016-11-13,20161113DENPOR,7,9,POR,112
ORL,69,2016-11-14,20161114ORLIND,-1,2,IND,88
DAL,77,2016-11-14,20161114DALNYK,6,2,NYK,93
OKC,88,2016-11-14,20161114OKCDET,6,3,DET,104
BOS,105,2016-11-14,20161114BOSNOP,13,7,NOP,106
PHI,88,2016-11-14,20161114PHIHOU,1,1,HOU,115
MIA,90,2016-11-14,20161114MIASAS,6,4,SAS,94
MEM,102,2016-11-14,20161114MEMUTA,6,5,UTA,96
BKN,95,2016-11-14,20161114BKNLAC,0,2,LAC,127
TOR,117,2016-11-15,20161115TORCLE,24,6,CLE,121
ATL,93,2016-11-15,20161115ATLMIA,13,6,MIA,90
CHA,115,2016-11-15,20161115CHAMIN,10,7,MIN,108
CHI,113,2016-11-15,20161115CHIPOR,-1,2,POR,88
BKN,118,2016-11-15,20161115BKNLAL,8,4,LAL,125
CLE,93,2016-11-16,20161116CLEIND,1,3,IND,103
NOP,82,2016-11-16,20161116NOPORL,4,3,ORL,89
WAS,102,2016-11-16,20161116WASPHI,3,3,PHI,109
DAL,83,2016-11-16,20161116DALBOS,8,4,BOS,90
DET,102,2016-11-16,20161116DETNYK,11,4,NYK,105
MIL,100,2016-11-16,20161116MILATL,5,3,ATL,107
GSW,127,2016-11-16,20161116GSWTOR,8,6,TOR,121
HOU,103,2016-11-16,20161116HOUOKC,19,5,OKC,105
PHX,104,2016-11-16,20161116PHXDEN,1,2,DEN,120
MEM,111,2016-11-16,20161116MEMLAC,25,6,LAC,107
SAS,110,2016-11-16,20161116SASSAC,7,4,SAC,105
NYK,112,2016-11-17,20161117NYKWAS,3,4,WAS,119
MIL,73,2016-11-17,20161117MILMIA,5,4,MIA,96
PHI,86,2016-11-17,20161117PHIMIN,2,1,MIN,110
POR,109,2016-11-17,20161117PORHOU,5,4,HOU,126
CHI,85,2016-11-17,20161117CHIUTA,3,3,UTA,77
ATL,96,2016-11-18,20161118ATLCHA,8,5,CHA,100
PHX,116,2016-11-18,20161118PHXIND,1,1,IND,96
DET,81,2016-11-18,20161118DETCLE,3,2,CLE,104
BKN,105,2016-11-18,20161118BKNOKC,5,3,OKC,124
GSW,104,2016-11-18,20161118GSWBOS,3,4,BOS,88
POR,101,2016-11-18,20161118PORNOP,3,3,NOP,113
MEM,80,2016-11-18,20161118MEMDAL,5,7,DAL,64
TOR,113,2016-11-18,20161118TORDEN,11,6,DEN,111
LAC,121,2016-11-18,20161118LACSAC,8,5,SAC,115
SAS,116,2016-11-18,20161118SASLAL,8,4,LAL,107
UTA,102,2016-11-19,20161119UTAHOU,4,3,HOU,111
BOS,94,2016-11-19,20161119BOSDET,18,7,DET,92
CHA,116,2016-11-19,20161119CHANOP,13,7,NOP,121
DAL,87,2016-11-19,20161119DALORL,5,4,ORL,95
MIA,114,2016-11-19,20161119MIAWAS,8,7,WAS,111
PHX,105,2016-11-19,20161119PHXPHI,3,2,PHI,120
MIN,71,2016-11-19,20161119MINMEM,1,2,MEM,93
GSW,124,2016-11-19,20161119GSWMIL,15,8,MIL,121
CHI,95,2016-11-19,20161119CHILAC,20,9,LAC,102
ATL,94,2016-11-20,20161120ATLNYK,7,2,NYK,104
POR,129,2016-11-20,20161120PORBKN,3,3,BKN,109
IND,115,2016-11-20,20161120INDOKC,16,7,OKC,111
TOR,99,2016-11-20,20161120TORSAC,9,7,SAC,102
UTA,91,2016-11-20,20161120UTADEN,3,3,DEN,105
CHI,118,2016-11-20,20161120CHILAL,5,5,LAL,110
GSW,120,2016-11-21,20161121GSWIND,1,2,IND,83
MEM,105,2016-11-21,20161121MEMCHA,3,3,CHA,90
MIA,94,2016-11-21,20161121MIAPHI,6,5,PHI,101
PHX,101,2016-11-21,20161121PHXWAS,11,7,WAS,106
HOU,99,2016-11-21,20161121HOUDET,10,7,DET,96
BOS,99,2016-11-21,20161121BOSMIN,8,7,MIN,93
ORL,89,2016-11-21,20161121ORLMIL,7,6,MIL,93
DAL,91,2016-11-21,20161121DALSAS,7,6,SAS,96
TOR,115,2016-11-21,20161121TORLAC,5,5,LAC,123
NOP,112,2016-11-22,20161122NOPATL,1,2,ATL,94
POR,103,2016-11-22,20161122PORNYK,17,6,NYK,107
CHI,107,2016-11-22,20161122CHIDEN,13,8,DEN,110
OKC,109,2016-11-22,20161122OKCLAL,29,8,LAL,111
ATL,96,2016-11-23,20161123ATLIND,2,2,IND,85
MEM,104,2016-11-23,20161123MEMPHI,13,7,PHI,99
PHX,92,2016-11-23,20161123PHXORL,3,3,ORL,87
POR,125,2016-11-23,20161123PORCLE,13,9,CLE,137
SAS,119,2016-11-23,20161123SASCHA,11,7,CHA,114
BOS,111,2016-11-23,20161123BOSBKN,3,3,BKN,92
MIA,84,2016-11-23,20161123MIADET,-1,1,DET,107
TOR,115,2016-11-23,20161123TORHOU,2,3,HOU,102
LAC,124,2016-11-23,20161123LACDAL,2,2,DAL,104
DEN,83,2016-11-23,20161123DENUTA,2,2,UTA,108
MIN,96,2016-11-23,20161123MINNOP,5,3,NOP,117
LAL,106,2016-11-23,20161123LALGSW,1,3,GSW,149
OKC,101,2016-11-23,20161123OKCSAC,4,3,SAC,116
SAS,109,2016-11-25,20161125SASBOS,19,8,BOS,103
WAS,94,2016-11-25,20161125WASORL,9,6,ORL,91
CHA,111,2016-11-25,20161125CHANYK,44,8,NYK,113
CHI,105,2016-11-25,20161125CHIPHI,-1,2,PHI,89
DAL,90,2016-11-25,20161125DALCLE,-5,2,CLE,128
LAC,97,2016-11-25,20161125LACDET,5,3,DET,108
ATL,68,2016-11-25,20161125ATLUTA,1,2,UTA,95
BKN,97,2016-11-25,20161125BKNIND,-2,1,IND,118
MIA,90,2016-11-25,20161125MIAMEM,3,3,MEM,81
TOR,105,2016-11-25,20161125TORMIL,10,6,MIL,99
MIN,98,2016-11-25,20161125MINPHX,7,5,PHX,85
OKC,132,2016-11-25,20161125OKCDEN,16,9,DEN,129
NOP,104,2016-11-25,20161125NOPPOR,3,3,POR,119
GSW,109,2016-11-25,20161125GSWLAL,-3,2,LAL,85
HOU,117,2016-11-25,20161125HOUSAC,1,2,SAC,104
NYK,102,2016-11-26,20161126NYKCHA,8,3,CHA,107
SAS,112,2016-11-26,20161126SASWAS,3,3,WAS,100
DET,88,2016-11-26,20161126DETOKC,2,3,OKC,106
MEM,110,2016-11-26,20161126MEMMIA,10,8,MIA,107
MIN,102,2016-11-26,20161126MINGSW,1,3,GSW,115
CLE,112,2016-11-27,20161127CLEPHI,14,8,PHI,108
DEN,120,2016-11-27,20161127DENPHX,4,4,PHX,114
LAC,70,2016-11-27,20161127LACIND,0,2,IND,91
MIL,104,2016-11-27,20161127MILORL,4,4,ORL,96
SAC,122,2016-11-27,20161127SACBKN,1,2,BKN,105
NOP,81,2016-11-27,20161127NOPDAL,5,4,DAL,91
HOU,130,2016-11-27,20161127HOUPOR,3,4,POR,114
ATL,94,2016-11-27,20161127ATLLAL,8,5,LAL,109
SAC,95,2016-11-28,20161128SACWAS,6,6,WAS,101
BOS,112,2016-11-28,20161128BOSMIA,8,3,MIA,104
OKC,112,2016-11-28,20161128OKCNYK,18,5,NYK,103
PHI,95,2016-11-28,20161128PHITOR,2,2,TOR,122
CHA,104,2016-11-28,20161128CHAMEM,3,3,MEM,85
UTA,112,2016-11-28,20161128UTAMIN,5,5,MIN,103
ATL,100,2016-11-28,20161128ATLGSW,13,6,GSW,105
DET,112,2016-11-29,20161129DETCHA,0,1,CHA,89
LAC,122,2016-11-29,20161129LACBKN,39,10,BKN,127
CLE,101,2016-11-29,20161129CLEMIL,18,6,MIL,118
LAL,88,2016-11-29,20161129LALNOP,2,4,NOP,105
ORL,95,2016-11-29,20161129ORLSAS,5,3,SAS,83
HOU,101,2016-11-29,20161129HOUUTA,4,3,UTA,120
DET,121,2016-11-30,20161130DETBOS,11,7,BOS,114
MEM,105,2016-11-30,20161130MEMTOR,0,4,TOR,120
LAL,96,2016-11-30,20161130LALCHI,9,6,CHI,90
NYK,106,2016-11-30,20161130NYKMIN,26,8,MIN,104
WAS,115,2016-11-30,20161130WASOKC,16,6,OKC,126
SAS,94,2016-11-30,20161130SASDAL,9,7,DAL,87
ATL,107,2016-11-30,20161130ATLPHX,9,7,PHX,109
MIA,106,2016-11-30,20161130MIADEN,3,4,DEN,98
IND,109,2016-11-30,20161130INDPOR,0,3,POR,131
DAL,87,2016-12-01,20161201DALCHA,1,4,CHA,97
MIL,111,2016-12-01,20161201MILBKN,3,2,BKN,93
LAC,113,2016-12-01,20161201LACCLE,3,4,CLE,94
ORL,94,2016-12-01,20161201ORLMEM,7,8,MEM,95
MIA,111,2016-12-01,20161201MIAUTA,15,8,UTA,110
HOU,132,2016-12-01,20161201HOUGSW,47,7,GSW,127
ORL,105,2016-12-02,20161202ORLPHI,1,2,PHI,88
LAL,80,2016-12-02,20161202LALTOR,-3,2,TOR,113
MIN,114,2016-12-02,20161202MINNYK,9,4,NYK,118
SAC,92,2016-12-02,20161202SACBOS,6,4,BOS,97
CLE,105,2016-12-02,20161202CLECHI,15,6,CHI,111
DET,121,2016-12-02,20161202DETATL,-1,1,ATL,85
LAC,114,2016-12-02,20161202LACNOP,4,3,NOP,96
WAS,105,2016-12-02,20161202WASSAS,16,7,SAS,107
HOU,128,2016-12-02,20161202HOUDEN,4,3,DEN,110
BKN,103,2016-12-03,20161203BKNMIL,5,2,MIL,112
MIN,125,2016-12-03,20161203MINCHA,17,7,CHA,120
ATL,84,2016-12-03,20161203ATLTOR,0,2,TOR,128
BOS,107,2016-12-03,20161203BOSPHI,10,8,PHI,106
LAL,100,2016-12-03,20161203LALMEM,10,9,MEM,103
CHI,82,2016-12-03,20161203CHIDAL,-2,1,DAL,107
DEN,98,2016-12-03,20161203DENUTA,3,4,UTA,105
MIA,92,2016-12-03,20161203MIAPOR,9,7,POR,99
PHX,109,2016-12-03,20161203PHXGSW,2,3,GSW,138
ORL,98,2016-12-04,20161204ORLDET,2,3,DET,92
NOP,92,2016-12-04,20161204NOPOKC,10,3,OKC,101
SAC,98,2016-12-04,20161204SACNYK,4,2,NYK,106
IND,111,2016-12-04,20161204INDLAC,9,6,LAC,102
DEN,106,2016-12-05,20161205DENPHI,4,4,PHI,98
CLE,116,2016-12-05,20161205CLETOR,11,6,TOR,112
OKC,102,2016-12-05,20161205OKCATL,15,7,ATL,99
WAS,118,2016-12-05,20161205WASBKN,14,9,BKN,113
BOS,106,2016-12-05,20161205BOSHOU,13,6,HOU,107
MEM,110,2016-12-05,20161205MEMNOP,19,8,NOP,108
POR,112,2016-12-05,20161205PORCHI,10,8,CHI,110
SAS,97,2016-12-05,20161205SASMIL,15,8,MIL,96
CHA,109,2016-12-05,20161205CHADAL,5,4,DAL,101
IND,106,2016-12-05,20161205INDGSW,19,6,GSW,142
UTA,107,2016-12-05,20161205UTALAL,5,4,LAL,101
ORL,124,2016-12-06,20161206ORLWAS,9,6,WAS,116
CHI,91,2016-12-06,20161206CHIDET,3,2,DET,102
NYK,114,2016-12-06,20161206NYKMIA,5,2,MIA,103
PHI,91,2016-12-06,20161206PHIMEM,5,6,MEM,96
SAS,105,2016-12-06,20161206SASMIN,2,3,MIN,91
PHX,105,2016-12-06,20161206PHXUTA,6,4,UTA,112
BOS,117,2016-12-07,20161207BOSORL,4,2,ORL,87
DET,77,2016-12-07,20161207DETCHA,3,4,CHA,87
DEN,111,2016-12-07,20161207DENBKN,7,4,BKN,116
MIA,95,2016-12-07,20161207MIAATL,2,2,ATL,103
CLE,126,2016-12-07,20161207CLENYK,2,2,NYK,94
LAL,95,2016-12-07,20161207LALHOU,0,1,HOU,134
POR,107,2016-12-07,20161207PORMIL,3,4,MIL,115
SAC,120,2016-12-07,20161207SACDAL,1,1,DAL,89
IND,109,2016-12-07,20161207INDPHX,-1,2,PHX,94
GSW,115,2016-12-07,20161207GSWLAC,5,4,LAC,98
DEN,85,2016-12-08,20161208DENWAS,6,6,WAS,92
MIN,110,2016-12-08,20161208MINTOR,10,7,TOR,124
PHI,99,2016-12-08,20161208PHINOP,2,2,NOP,88
POR,86,2016-12-08,20161208PORMEM,11,9,MEM,88
GSW,106,2016-12-08,20161208GSWUTA,2,5,UTA,99
SAS,91,2016-12-08,20161208SASCHI,6,4,CHI,95
ORL,88,2016-12-09,20161209ORLCHA,2,1,CHA,109
MIA,84,2016-12-09,20161209MIACLE,2,2,CLE,114
TOR,101,2016-12-09,20161209TORBOS,5,8,BOS,94
ATL,114,2016-12-09,20161209ATLMIL,15,9,MIL,110
DET,117,2016-12-09,20161209DETMIN,-1,1,MIN,90
HOU,102,2016-12-09,20161209HOUOKC,13,5,OKC,99
IND,103,2016-12-09,20161209INDDAL,1,2,DAL,111
NYK,103,2016-12-09,20161209NYKSAC,14,6,SAC,100
PHX,119,2016-12-09,20161209PHXLAL,7,4,LAL,115
DEN,121,2016-12-10,20161210DENORL,3,5,ORL,113
MIL,105,2016-12-10,20161210MILWAS,5,5,WAS,110
POR,111,2016-12-10,20161210PORIND,17,10,IND,118
CHA,105,2016-12-10,20161210CHACLE,10,5,CLE,116
DAL,87,2016-12-10,20161210DALHOU,1,1,HOU,109
GSW,89,2016-12-10,20161210GSWMEM,13,3,MEM,110
MIA,100,2016-12-10,20161210MIACHI,2,3,CHI,105
BKN,101,2016-12-10,20161210BKNSAS,1,2,SAS,130
SAC,84,2016-12-10,20161210SACUTA,2,4,UTA,104
NOP,105,2016-12-10,20161210NOPLAC,1,2,LAC,133
PHI,97,2016-12-11,20161211PHIDET,1,2,DET,79
BOS,96,2016-12-11,20161211BOSOKC,23,9,OKC,99
GSW,116,2016-12-11,20161211GSWMIN,5,4,MIN,108
NOP,120,2016-12-11,20161211NOPPHX,15,8,PHX,119
NYK,118,2016-12-11,20161211NYKLAL,14,6,LAL,112
CHA,94,2016-12-12,20161212CHAIND,2,2,IND,110
MIL,100,2016-12-12,20161212MILTOR,3,2,TOR,122
WAS,101,2016-12-12,20161212WASMIA,6,4,MIA,112
BKN,118,2016-12-12,20161212BKNHOU,7,4,HOU,122
DEN,92,2016-12-12,20161212DENDAL,2,1,DAL,112
LAL,92,2016-12-12,20161212LALSAC,0,1,SAC,116
POR,120,2016-12-12,20161212PORLAC,21,9,LAC,121
MEM,86,2016-12-13,20161213MEMCLE,7,4,CLE,103
ORL,131,2016-12-13,20161213ORLATL,4,3,ATL,120
GSW,113,2016-12-13,20161213GSWNOP,18,7,NOP,109
MIN,99,2016-12-13,20161213MINCHI,13,8,CHI,94
NYK,111,2016-12-13,20161213NYKPHX,15,7,PHX,113
OKC,95,2016-12-13,20161213OKCPOR,7,4,POR,114
CHA,106,2016-12-14,20161214CHAWAS,7,5,WAS,109
IND,89,2016-12-14,20161214INDMIA,10,7,MIA,95
LAC,113,2016-12-14,20161214LACORL,5,7,ORL,108
TOR,123,2016-12-14,20161214TORPHI,5,4,PHI,114
LAL,97,2016-12-14,20161214LALBKN,4,4,BKN,107
CLE,85,2016-12-14,20161214CLEMEM,4,4,MEM,93
SAC,98,2016-12-14,20161214SACHOU,0,1,HOU,132
DET,95,2016-12-14,20161214DETDAL,4,5,DAL,85
OKC,89,2016-12-14,20161214OKCUTA,2,3,UTA,109
BOS,101,2016-12-14,20161214BOSSAS,5,5,SAS,108
CHI,97,2016-12-15,20161215CHIMIL,1,2,MIL,108
IND,95,2016-12-15,20161215INDNOP,10,5,NOP,102
POR,120,2016-12-15,20161215PORDEN,4,6,DEN,132
SAS,107,2016-12-15,20161215SASPHX,3,3,PHX,92
NYK,90,2016-12-15,20161215NYKGSW,-1,3,GSW,103
BKN,111,2016-12-16,20161216BKNORL,5,6,ORL,118
DET,108,2016-12-16,20161216DETWAS,1,3,WAS,122
ATL,125,2016-12-16,20161216ATLTOR,5,5,TOR,121
CHA,88,2016-12-16,20161216CHABOS,6,6,BOS,96
LAC,102,2016-12-16,20161216LACMIA,4,4,MIA,98
LAL,100,2016-12-16,20161216LALPHI,0,2,PHI,89
MIL,95,2016-12-16,20161216MILCHI,0,1,CHI,69
NOP,100,2016-12-16,20161216NOPHOU,1,1,HOU,122
SAC,96,2016-12-16,20161216SACMEM,5,4,MEM,92
DAL,100,2016-12-16,20161216DALUTA,10,7,UTA,103
PHX,101,2016-12-17,20161217PHXOKC,5,3,OKC,114
IND,105,2016-12-17,20161217INDDET,1,2,DET,90
CHA,107,2016-12-17,20161217CHAATL,3,2,ATL,99
LAL,108,2016-12-17,20161217LALCLE,8,4,CLE,119
HOU,111,2016-12-17,20161217HOUMIN,26,10,MIN,109
NYK,114,2016-12-17,20161217NYKDEN,1,3,DEN,127
POR,90,2016-12-17,20161217PORGSW,1,3,GSW,135
LAC,110,2016-12-18,20161218LACWAS,25,9,WAS,117
SAC,79,2016-12-18,20161218SACDAL,-1,1,DAL,99
BKN,107,2016-12-18,20161218BKNPHI,8,7,PHI,108
BOS,105,2016-12-18,20161218BOSMIA,4,3,MIA,95
TOR,109,2016-12-18,20161218TORORL,2,2,ORL,79
UTA,82,2016-12-18,20161218UTAMEM,4,4,MEM,73
NOP,100,2016-12-18,20161218NOPSAS,3,3,SAS,113
WAS,105,2016-12-19,20161219WASIND,10,6,IND,107
ATL,110,2016-12-19,20161219ATLOKC,16,10,OKC,108
DET,82,2016-12-19,20161219DETCHI,-2,1,CHI,113
PHX,108,2016-12-19,20161219PHXMIN,8,4,MIN,115
DAL,107,2016-12-19,20161219DALDEN,7,8,DEN,117
LAL,113,2016-12-20,20161220LALCHA,19,9,CHA,117
NOP,108,2016-12-20,20161220NOPPHI,1,2,PHI,93
BKN,104,2016-12-20,20161220BKNTOR,2,3,TOR,116
IND,111,2016-12-20,20161220INDNYK,18,7,NYK,118
ORL,136,2016-12-20,20161220ORLMIA,15,7,MIA,130
BOS,112,2016-12-20,20161220BOSMEM,19,10,MEM,109
CLE,114,2016-12-20,20161220CLEMIL,22,7,MIL,108
SAS,102,2016-12-20,20161220SASHOU,35,8,HOU,100
DEN,102,2016-12-20,20161220DENLAC,0,3,LAC,119
POR,121,2016-12-20,20161220PORSAC,21,10,SAC,126
UTA,74,2016-12-20,20161220UTAGSW,0,3,GSW,104
MIL,102,2016-12-21,20161221MILCLE,4,3,CLE,113
MEM,98,2016-12-21,20161221MEMDET,4,3,DET,86
MIN,92,2016-12-21,20161221MINATL,5,4,ATL,84
OKC,121,2016-12-21,20161221OKCNOP,13,6,NOP,110
WAS,107,2016-12-21,20161221WASCHI,5,5,CHI,97
HOU,125,2016-12-21,20161221HOUPHX,3,3,PHX,111
SAC,94,2016-12-21,20161221SACUTA,11,10,UTA,93
DAL,96,2016-12-21,20161221DALPOR,11,7,POR,95
BOS,109,2016-12-22,20161222BOSIND,3,4,IND,102
GSW,117,2016-12-22,20161222GSWBKN,6,8,BKN,101
ORL,95,2016-12-22,20161222ORLNYK,4,2,NYK,106
LAL,107,2016-12-22,20161222LALMIA,9,8,MIA,115
SAS,101,2016-12-22,20161222SASLAC,4,5,LAC,106
CHI,91,2016-12-23,20161223CHICHA,3,4,CHA,103
LAL,90,2016-12-23,20161223LALORL,0,2,ORL,109
BKN,99,2016-12-23,20161223BKNCLE,2,2,CLE,119
GSW,119,2016-12-23,20161223GSWDET,10,7,DET,113
OKC,117,2016-12-23,20161223OKCBOS,21,10,BOS,112
HOU,109,2016-12-23,20161223HOUMEM,7,7,MEM,115
MIA,87,2016-12-23,20161223MIANOP,5,5,NOP,91
SAC,109,2016-12-23,20161223SACMIN,11,7,MIN,105
WAS,96,2016-12-23,20161223WASMIL,2,1,MIL,123
ATL,109,2016-12-23,20161223ATLDEN,11,7,DEN,108
PHI,116,2016-12-23,20161223PHIPHX,7,7,PHX,123
TOR,104,2016-12-23,20161223TORUTA,7,7,UTA,98
SAS,110,2016-12-23,20161223SASPOR,5,7,POR,90
DAL,90,2016-12-23,20161223DALLAC,17,9,LAC,88
BOS,119,2016-12-25,20161225BOSNYK,35,5,NYK,114
GSW,108,2016-12-25,20161225GSWCLE,87,10,CLE,109
CHI,100,2016-12-25,20161225CHISAS,5,3,SAS,119
MIN,100,2016-12-25,20161225MINOKC,6,3,OKC,112
LAC,102,2016-12-25,20161225LACLAL,6,3,LAL,111
MEM,102,2016-12-26,20161226MEMORL,3,3,ORL,112
MIL,102,2016-12-26,20161226MILWAS,9,7,WAS,107
CHA,118,2016-12-26,20161226CHABKN,19,8,BKN,120
CLE,90,2016-12-26,20161226CLEDET,1,3,DET,106
ATL,90,2016-12-26,20161226ATLMIN,3,2,MIN,104
DAL,104,2016-12-26,20161226DALNOP,5,5,NOP,111
IND,85,2016-12-26,20161226INDCHI,6,3,CHI,90
PHX,115,2016-12-26,20161226PHXHOU,3,3,HOU,131
TOR,95,2016-12-26,20161226TORPOR,7,9,POR,91
DEN,106,2016-12-26,20161226DENLAC,7,4,LAC,102
PHI,100,2016-12-26,20161226PHISAC,11,6,SAC,102
MEM,103,2016-12-27,20161227MEMBOS,7,4,BOS,113
OKC,106,2016-12-27,20161227OKCMIA,1,3,MIA,94
HOU,123,2016-12-27,20161227HOUDAL,2,3,DAL,107
UTA,102,2016-12-27,20161227UTALAL,13,9,LAL,100
CHA,120,2016-12-28,20161228CHAORL,2,2,ORL,101
IND,105,2016-12-28,20161228INDWAS,4,3,WAS,111
MIL,119,2016-12-28,20161228MILDET,1,1,DET,94
NYK,98,2016-12-28,20161228NYKATL,16,6,ATL,102
BKN,99,2016-12-28,20161228BKNCHI,14,8,CHI,101
LAC,98,2016-12-28,20161228LACNOP,7,6,NOP,102
PHX,98,2016-12-28,20161228PHXSAS,4,4,SAS,119
MIN,103,2016-12-28,20161228MINDEN,10,7,DEN,105
SAC,89,2016-12-28,20161228SACPOR,4,3,POR,102
TOR,111,2016-12-28,20161228TORGSW,11,5,GSW,121
MIA,82,2016-12-29,20161229MIACHA,3,4,CHA,91
BOS,118,2016-12-29,20161229BOSCLE,16,6,CLE,124
OKC,80,2016-12-29,20161229OKCMEM,0,3,MEM,114
PHI,83,2016-12-29,20161229PHIUTA,4,3,UTA,100
TOR,91,2016-12-29,20161229TORPHX,4,3,PHX,99
DAL,101,2016-12-29,20161229DALLAL,2,2,LAL,89
CHI,101,2016-12-30,20161230CHIIND,4,2,IND,111
BKN,95,2016-12-30,20161230BKNWAS,0,1,WAS,118
MIA,114,2016-12-30,20161230MIABOS,22,10,BOS,117
DET,98,2016-12-30,20161230DETATL,2,3,ATL,105
LAC,116,2016-12-30,20161230LACHOU,3,3,HOU,140
MIL,99,2016-12-30,20161230MILMIN,4,2,MIN,116
NYK,92,2016-12-30,20161230NYKNOP,1,2,NOP,104
POR,94,2016-12-30,20161230PORSAS,7,7,SAS,110
PHI,124,2016-12-30,20161230PHIDEN,9,7,DEN,122
DAL,99,2016-12-30,20161230DALGSW,5,3,GSW,108
MEM,112,2016-12-31,20161231MEMSAC,4,3,SAC,98
CLE,121,2016-12-31,20161231CLECHA,6,4,CHA,109
MIL,116,2016-12-31,20161231MILCHI,2,1,CHI,96
LAC,88,2016-12-31,20161231LACOKC,4,3,OKC,114
NYK,122,2016-12-31,20161231NYKHOU,18,7,HOU,129
PHX,86,2016-12-31,20161231PHXUTA,8,6,UTA,91
DET,107,2017-01-01,20170101DETMIA,11,5,MIA,98
ORL,104,2017-01-01,20170101ORLIND,3,2,IND,117
SAS,112,2017-01-01,20170101SASATL,55,8,ATL,114
POR,95,2017-01-01,20170101PORMIN,15,9,MIN,89
TOR,123,2017-01-01,20170101TORLAL,7,9,LAL,114
NOP,82,2017-01-02,20170102NOPCLE,9,5,CLE,90
OKC,94,2017-01-02,20170102OKCMIL,22,7,MIL,98
ORL,115,2017-01-02,20170102ORLNYK,-2,2,NYK,103
UTA,101,2017-01-02,20170102UTABKN,5,3,BKN,89
CHA,111,2017-01-02,20170102CHACHI,21,9,CHI,118
WAS,91,2017-01-02,20170102WASHOU,8,5,HOU,101
DEN,119,2017-01-02,20170102DENGSW,6,4,GSW,127
PHX,98,2017-01-02,20170102PHXLAC,3,3,LAC,109
MIN,91,2017-01-03,20170103MINPHI,28,6,PHI,93
IND,121,2017-01-03,20170103INDDET,5,4,DET,116
UTA,104,2017-01-03,20170103UTABOS,5,4,BOS,115
TOR,82,2017-01-03,20170103TORSAS,-3,3,SAS,110
WAS,105,2017-01-03,20170103WASDAL,4,4,DAL,113
MIA,90,2017-01-03,20170103MIAPHX,1,2,PHX,99
SAC,120,2017-01-03,20170103SACDEN,5,4,DEN,113
MEM,102,2017-01-03,20170103MEMLAL,5,3,LAL,116
ATL,111,2017-01-04,20170104ATLORL,2,2,ORL,92
OKC,112,2017-01-04,20170104OKCCHA,9,6,CHA,123
MIL,105,2017-01-04,20170104MILNYK,30,9,NYK,104
CHI,106,2017-01-04,20170104CHICLE,10,6,CLE,94
MEM,106,2017-01-04,20170104MEMLAC,3,8,LAC,115
MIA,107,2017-01-04,20170104MIASAC,5,3,SAC,102
POR,117,2017-01-04,20170104PORGSW,5,5,GSW,125
BKN,109,2017-01-05,20170105BKNIND,2,3,IND,121
CHA,114,2017-01-05,20170105CHADET,13,7,DET,115
UTA,93,2017-01-05,20170105UTATOR,9,6,TOR,101
ATL,99,2017-01-05,20170105ATLNOP,9,6,NOP,94
OKC,116,2017-01-05,20170105OKCHOU,32,10,HOU,118
PHX,102,2017-01-05,20170105PHXDAL,7,5,DAL,95
SAS,127,2017-01-05,20170105SASDEN,2,2,DEN,99
LAL,109,2017-01-05,20170105LALPOR,8,7,POR,118
HOU,100,2017-01-06,20170106HOUORL,6,5,ORL,93
MIN,105,2017-01-06,20170106MINWAS,6,5,WAS,112
CLE,116,2017-01-06,20170106CLEBKN,5,4,BKN,108
PHI,106,2017-01-06,20170106PHIBOS,10,8,BOS,110
NYK,116,2017-01-06,20170106NYKMIL,26,9,MIL,111
LAC,106,2017-01-06,20170106LACSAC,6,6,SAC,98
MEM,128,2017-01-06,20170106MEMGSW,41,10,GSW,119
MIA,100,2017-01-06,20170106MIALAL,1,1,LAL,127
NYK,109,2017-01-07,20170107NYKIND,2,3,IND,123
NOP,108,2017-01-07,20170107NOPBOS,5,4,BOS,117
DEN,106,2017-01-07,20170107DENOKC,8,4,OKC,121
TOR,118,2017-01-07,20170107TORCHI,21,10,CHI,123
UTA,94,2017-01-07,20170107UTAMIN,9,8,MIN,92
ATL,97,2017-01-07,20170107ATLDAL,2,4,DAL,82
CHA,85,2017-01-07,20170107CHASAS,6,5,SAS,102
PHI,105,2017-01-08,20170108PHIBKN,5,4,BKN,95
WAS,107,2017-01-08,20170108WASMIL,6,6,MIL,101
MIA,86,2017-01-08,20170108MIALAC,1,3,LAC,98
HOU,129,2017-01-08,20170108HOUTOR,12,10,TOR,122
UTA,79,2017-01-08,20170108UTAMEM,1,4,MEM,88
CLE,120,2017-01-08,20170108CLEPHX,8,5,PHX,116
DET,125,2017-01-08,20170108DETPOR,20,8,POR,124
GSW,117,2017-01-08,20170108GSWSAC,6,9,SAC,106
ORL,95,2017-01-08,20170108ORLLAL,4,2,LAL,111
NOP,110,2017-01-09,20170109NOPNYK,2,4,NYK,96
DAL,92,2017-01-09,20170109DALMIN,3,2,MIN,101
OKC,109,2017-01-09,20170109OKCCHI,8,3,CHI,94
CHI,99,2017-01-10,20170110CHIWAS,17,9,WAS,101
ATL,117,2017-01-10,20170110ATLBKN,0,1,BKN,97
BOS,106,2017-01-10,20170110BOSTOR,13,10,TOR,114
CHA,114,2017-01-10,20170110CHAHOU,12,6,HOU,121
MIL,109,2017-01-10,20170110MILSAS,21,9,SAS,107
CLE,92,2017-01-10,20170110CLEUTA,10,4,UTA,100
DET,94,2017-01-10,20170110DETSAC,9,8,SAC,100
MIA,95,2017-01-10,20170110MIAGSW,4,3,GSW,107
POR,108,2017-01-10,20170110PORLAL,1,2,LAL,87
NYK,97,2017-01-11,20170111NYKPHI,25,9,PHI,98
HOU,105,2017-01-11,20170111HOUMIN,6,2,MIN,119
MEM,95,2017-01-11,20170111MEMOKC,8,4,OKC,103
WAS,108,2017-01-11,20170111WASBOS,7,4,BOS,117
CLE,86,2017-01-11,20170111CLEPOR,3,4,POR,102
ORL,96,2017-01-11,20170111ORLLAC,8,7,LAC,105
IND,112,2017-01-12,20170112INDDEN,0,2,DEN,140
NOP,104,2017-01-12,20170112NOPBKN,4,4,BKN,95
CHI,89,2017-01-12,20170112CHINYK,4,2,NYK,104
LAL,94,2017-01-12,20170112LALSAS,1,2,SAS,134
DAL,113,2017-01-12,20170112DALPHX,6,4,PHX,108
DET,107,2017-01-12,20170112DETGSW,4,3,GSW,127
CHA,93,2017-01-13,20170113CHAPHI,4,2,PHI,102
BKN,113,2017-01-13,20170113BKNTOR,6,4,TOR,132
BOS,103,2017-01-13,20170113BOSATL,20,7,ATL,101
MEM,110,2017-01-13,20170113MEMHOU,13,9,HOU,105
MIA,108,2017-01-13,20170113MIAMIL,1,3,MIL,116
OKC,86,2017-01-13,20170113OKCMIN,4,3,MIN,96
ORL,115,2017-01-13,20170113ORLPOR,5,5,POR,109
CLE,120,2017-01-13,20170113CLESAC,7,4,SAC,108
DET,77,2017-01-13,20170113DETUTA,1,2,UTA,110
LAL,97,2017-01-14,20170114LALLAC,1,3,LAC,113
NOP,99,2017-01-14,20170114NOPCHI,1,2,CHI,107
SAS,105,2017-01-14,20170114SASPHX,22,7,PHX,108
PHI,93,2017-01-14,20170114PHIWAS,5,5,WAS,109
ORL,107,2017-01-14,20170114ORLUTA,14,8,UTA,114
MIN,87,2017-01-15,20170115MINDAL,1,2,DAL,98
MIL,98,2017-01-15,20170115MILATL,2,2,ATL,111
NYK,101,2017-01-15,20170115NYKTOR,-2,3,TOR,116
HOU,137,2017-01-15,20170115HOUBKN,2,2,BKN,112
CHI,108,2017-01-15,20170115CHIMEM,10,6,MEM,104
OKC,122,2017-01-15,20170115OKCSAC,10,5,SAC,118
DET,102,2017-01-15,20170115DETLAL,9,6,LAL,97
ATL,108,2017-01-16,20170116ATLNYK,26,7,NYK,107
POR,101,2017-01-16,20170116PORWAS,2,3,WAS,120
PHI,113,2017-01-16,20170116PHIMIL,5,2,MIL,104
NOP,95,2017-01-16,20170116NOPIND,8,6,IND,98
ORL,112,2017-01-16,20170116ORLDEN,2,3,DEN,125
CHA,98,2017-01-16,20170116CHABOS,6,3,BOS,108
CLE,91,2017-01-16,20170116CLEGSW,-12,3,GSW,126
UTA,106,2017-01-16,20170116UTAPHX,9,6,PHX,101
OKC,98,2017-01-16,20170116OKCLAC,-4,3,LAC,120
HOU,103,2017-01-17,20170117HOUMIA,7,5,MIA,109
TOR,119,2017-01-17,20170117TORBKN,2,4,BKN,109
DAL,99,2017-01-17,20170117DALCHI,13,4,CHI,98
MIN,114,2017-01-17,20170117MINSAS,4,4,SAS,122
DEN,127,2017-01-17,20170117DENLAL,7,4,LAL,121
MEM,101,2017-01-18,20170118MEMWAS,14,7,WAS,104
POR,85,2017-01-18,20170118PORCHA,1,2,CHA,107
TOR,89,2017-01-18,20170118TORPHI,17,6,PHI,94
NYK,117,2017-01-18,20170118NYKBOS,6,4,BOS,106
ATL,95,2017-01-18,20170118ATLDET,-1,1,DET,118
MIL,92,2017-01-18,20170118MILHOU,2,2,HOU,111
ORL,98,2017-01-18,20170118ORLNOP,-2,1,NOP,118
IND,106,2017-01-18,20170118INDSAC,10,8,SAC,100
OKC,100,2017-01-18,20170118OKCGSW,6,5,GSW,121
PHX,103,2017-01-19,20170119PHXCLE,4,3,CLE,118
DAL,95,2017-01-19,20170119DALMIA,6,5,MIA,99
WAS,113,2017-01-19,20170119WASNYK,16,7,NYK,110
DEN,104,2017-01-19,20170119DENSAS,2,3,SAS,118
MIN,104,2017-01-19,20170119MINLAC,17,8,LAC,101
MIL,96,2017-01-20,20170120MILORL,-1,2,ORL,112
POR,92,2017-01-20,20170120PORPHI,16,8,PHI,93
TOR,78,2017-01-20,20170120TORCHA,3,2,CHA,113
BKN,143,2017-01-20,20170120BKNNOP,0,2,NOP,114
CHI,93,2017-01-20,20170120CHIATL,0,2,ATL,102
GSW,125,2017-01-20,20170120GSWHOU,0,4,HOU,108
SAC,91,2017-01-20,20170120SACMEM,4,5,MEM,107
UTA,112,2017-01-20,20170120UTADAL,10,7,DAL,107
IND,96,2017-01-20,20170120INDLAL,3,2,LAL,108
POR,127,2017-01-21,20170121PORBOS,27,10,BOS,123
WAS,112,2017-01-21,20170121WASDET,18,7,DET,113
BKN,105,2017-01-21,20170121BKNCHA,3,3,CHA,112
PHI,93,2017-01-21,20170121PHIATL,1,2,ATL,110
MIL,97,2017-01-21,20170121MILMIA,-1,2,MIA,109
PHX,107,2017-01-21,20170121PHXNYK,12,4,NYK,105
HOU,119,2017-01-21,20170121HOUMEM,1,2,MEM,95
SAS,118,2017-01-21,20170121SASCLE,44,10,CLE,115
IND,100,2017-01-21,20170121INDUTA,2,3,UTA,109
LAC,98,2017-01-21,20170121LACDEN,4,2,DEN,123
SAC,99,2017-01-21,20170121SACCHI,14,8,CHI,102
GSW,118,2017-01-22,20170122GSWORL,0,2,ORL,98
LAL,73,2017-01-22,20170122LALDAL,-8,1,DAL,122
PHX,115,2017-01-22,20170122PHXTOR,9,5,TOR,103
DEN,108,2017-01-22,20170122DENMIN,11,7,MIN,111
WAS,109,2017-01-23,20170123WASCHA,0,2,CHA,99
GSW,102,2017-01-23,20170123GSWMIA,31,7,MIA,105
LAC,115,2017-01-23,20170123LACATL,2,3,ATL,105
SAC,109,2017-01-23,20170123SACDET,6,5,DET,104
SAS,112,2017-01-23,20170123SASBKN,0,2,BKN,86
CLE,122,2017-01-23,20170123CLENOP,21,10,NOP,124
HOU,114,2017-01-23,20170123HOUMIL,9,3,MIL,127
NYK,109,2017-01-23,20170123NYKIND,11,6,IND,103
OKC,97,2017-01-23,20170123OKCUTA,15,8,UTA,95
BOS,108,2017-01-24,20170124BOSWAS,4,4,WAS,123
CHI,100,2017-01-24,20170124CHIORL,1,2,ORL,92
LAC,110,2017-01-24,20170124LACPHI,16,9,PHI,121
SAS,108,2017-01-24,20170124SASTOR,19,7,TOR,106
MIN,112,2017-01-24,20170124MINPHX,23,7,PHX,111
UTA,93,2017-01-24,20170124UTADEN,5,6,DEN,103
SAC,116,2017-01-25,20170125SACCLE,23,7,CLE,112
HOU,109,2017-01-25,20170125HOUBOS,11,4,BOS,120
MIA,109,2017-01-25,20170125MIABKN,11,10,BKN,106
ATL,119,2017-01-25,20170125ATLCHI,15,9,CHI,114
GSW,113,2017-01-25,20170125GSWCHA,14,5,CHA,103
OKC,114,2017-01-25,20170125OKCNOP,3,3,NOP,105
PHI,114,2017-01-25,20170125PHIMIL,10,4,MIL,109
TOR,99,2017-01-25,20170125TORMEM,16,10,MEM,101
NYK,95,2017-01-25,20170125NYKDAL,3,4,DAL,103
LAL,98,2017-01-25,20170125LALPOR,5,4,POR,105
DAL,98,2017-01-26,20170126DALOKC,4,5,OKC,109
IND,109,2017-01-26,20170126INDMIN,6,5,MIN,103
PHX,120,2017-01-26,20170126PHXDEN,6,6,DEN,127
LAL,88,2017-01-26,20170126LALUTA,1,3,UTA,96
SAC,111,2017-01-27,20170127SACIND,12,9,IND,115
BKN,116,2017-01-27,20170127BKNCLE,5,4,CLE,124
CHA,107,2017-01-27,20170127CHANYK,16,7,NYK,110
MIL,86,2017-01-27,20170127MILTOR,3,3,TOR,102
ORL,98,2017-01-27,20170127ORLBOS,1,2,BOS,128
HOU,123,2017-01-27,20170127HOUPHI,17,7,PHI,118
MIA,100,2017-01-27,20170127MIACHI,2,2,CHI,88
SAS,103,2017-01-27,20170127SASNOP,9,5,NOP,119
WAS,112,2017-01-27,20170127WASATL,0,1,ATL,86
MEM,109,2017-01-27,20170127MEMPOR,13,9,POR,112
SAC,109,2017-01-28,20170128SACCHA,10,7,CHA,106
DET,103,2017-01-28,20170128DETMIA,2,2,MIA,116
BOS,112,2017-01-28,20170128BOSMIL,17,7,MIL,108
LAC,98,2017-01-28,20170128LACGSW,5,5,GSW,144
BKN,109,2017-01-28,20170128BKNMIN,2,2,MIN,129
DEN,123,2017-01-28,20170128DENPHX,6,10,PHX,112
MEM,102,2017-01-28,20170128MEMUTA,5,5,UTA,95
NYK,139,2017-01-29,20170129NYKATL,63,9,ATL,142
OKC,91,2017-01-29,20170129OKCCLE,1,4,CLE,107
HOU,101,2017-01-29,20170129HOUIND,3,2,IND,120
ORL,114,2017-01-29,20170129ORLTOR,10,8,TOR,113
WAS,107,2017-01-29,20170129WASNOP,3,2,NOP,94
DAL,105,2017-01-29,20170129DALSAS,8,7,SAS,101
PHI,108,2017-01-29,20170129PHICHI,3,3,CHI,121
GSW,113,2017-01-29,20170129GSWPOR,15,9,POR,111
SAC,119,2017-01-30,20170130SACPHI,20,10,PHI,122
BKN,96,2017-01-30,20170130BKNMIA,1,2,MIA,104
DET,109,2017-01-30,20170130DETBOS,11,9,BOS,113
ORL,105,2017-01-30,20170130ORLMIN,13,6,MIN,111
CLE,97,2017-01-30,20170130CLEDAL,7,4,DAL,104
MEM,115,2017-01-30,20170130MEMPHX,0,3,PHX,96
NOP,106,2017-01-31,20170131NOPTOR,18,9,TOR,108
NYK,101,2017-01-31,20170131NYKWAS,0,2,WAS,117
SAC,83,2017-01-31,20170131SACHOU,0,1,HOU,105
OKC,94,2017-01-31,20170131OKCSAS,7,4,SAS,108
CHA,98,2017-01-31,20170131CHAPOR,3,3,POR,115
DEN,116,2017-01-31,20170131DENLAL,7,6,LAL,120
IND,98,2017-02-01,20170201INDORL,1,2,ORL,88
MIN,97,2017-02-01,20170201MINCLE,2,2,CLE,125
ATL,93,2017-02-01,20170201ATLMIA,2,1,MIA,116
NOP,98,2017-02-01,20170201NOPDET,0,1,DET,118
NYK,95,2017-02-01,20170201NYKBKN,6,6,BKN,90
TOR,104,2017-02-01,20170201TORBOS,24,10,BOS,109
PHI,95,2017-02-01,20170201PHIDAL,4,4,DAL,113
LAC,124,2017-02-01,20170201LACPHX,7,6,PHX,114
MEM,119,2017-02-01,20170201MEMDEN,2,2,DEN,99
MIL,88,2017-02-01,20170201MILUTA,1,3,UTA,104
CHI,128,2017-02-01,20170201CHIOKC,1,2,OKC,100
CHA,111,2017-02-01,20170201CHAGSW,4,4,GSW,126
LAL,108,2017-02-02,20170202LALWAS,2,3,WAS,116
ATL,113,2017-02-02,20170202ATLHOU,27,10,HOU,108
PHI,86,2017-02-02,20170202PHISAS,3,3,SAS,102
GSW,133,2017-02-02,20170202GSWLAC,6,5,LAC,120
TOR,94,2017-02-03,20170203TORORL,6,5,ORL,102
IND,106,2017-02-03,20170203INDBKN,2,2,BKN,97
MIN,108,2017-02-03,20170203MINDET,5,5,DET,116
CHI,117,2017-02-03,20170203CHIHOU,17,8,HOU,121
LAL,107,2017-02-03,20170203LALBOS,4,5,BOS,113
MEM,102,2017-02-03,20170203MEMOKC,14,4,OKC,114
MIL,117,2017-02-03,20170203MILDEN,5,4,DEN,121
DAL,108,2017-02-03,20170203DALPOR,12,4,POR,104
PHX,105,2017-02-03,20170203PHXSAC,10,4,SAC,103
DET,84,2017-02-04,20170204DETIND,3,1,IND,105
NOP,91,2017-02-04,20170204NOPWAS,4,2,WAS,105
ORL,86,2017-02-04,20170204ORLATL,2,1,ATL,113
PHI,102,2017-02-04,20170204PHIMIA,0,1,MIA,125
CLE,111,2017-02-04,20170204CLENYK,4,4,NYK,104
CHA,98,2017-02-04,20170204CHAUTA,7,7,UTA,105
DEN,97,2017-02-04,20170204DENSAS,1,2,SAS,121
MEM,107,2017-02-04,20170204MEMMIN,8,8,MIN,99
MIL,137,2017-02-04,20170204MILPHX,3,2,PHX,112
GSW,106,2017-02-04,20170204GSWSAC,34,8,SAC,109
TOR,103,2017-02-05,20170205TORBKN,3,3,BKN,95
LAC,102,2017-02-05,20170205LACBOS,15,5,BOS,107
POR,99,2017-02-05,20170205POROKC,13,9,OKC,105
CLE,140,2017-02-06,20170206CLEWAS,90,9,WAS,135
LAL,121,2017-02-06,20170206LALNYK,1,3,NYK,107
OKC,90,2017-02-06,20170206OKCIND,14,8,IND,93
LAC,109,2017-02-06,20170206LACTOR,3,5,TOR,118
PHI,96,2017-02-06,20170206PHIDET,0,2,DET,113
UTA,120,2017-02-06,20170206UTAATL,0,2,ATL,95
MIA,115,2017-02-06,20170206MIAMIN,9,7,MIN,113
PHX,106,2017-02-06,20170206PHXNOP,7,6,NOP,111
DAL,87,2017-02-06,20170206DALDEN,0,1,DEN,110
SAS,74,2017-02-06,20170206SASMEM,0,4,MEM,89
CHI,112,2017-02-06,20170206CHISAC,9,4,SAC,107
BKN,107,2017-02-07,20170207BKNCHA,5,4,CHA,111
ORL,104,2017-02-07,20170207ORLHOU,1,1,HOU,128
POR,114,2017-02-07,20170207PORDAL,35,8,DAL,113
CLE,132,2017-02-08,20170208CLEIND,16,7,IND,117
SAS,111,2017-02-08,20170208SASPHI,2,3,PHI,103
DEN,106,2017-02-08,20170208DENATL,3,3,ATL,117
LAL,102,2017-02-08,20170208LALDET,-1,2,DET,121
WAS,114,2017-02-08,20170208WASBKN,9,4,BKN,110
LAC,119,2017-02-08,20170208LACNYK,15,9,NYK,115
MIA,106,2017-02-08,20170208MIAMIL,1,2,MIL,88
PHX,91,2017-02-08,20170208PHXMEM,2,3,MEM,110
TOR,109,2017-02-08,20170208TORMIN,15,9,MIN,112
UTA,127,2017-02-08,20170208UTANOP,0,2,NOP,94
BOS,92,2017-02-08,20170208BOSSAC,4,3,SAC,108
CHI,92,2017-02-08,20170208CHIGSW,-5,2,GSW,123
HOU,107,2017-02-09,20170209HOUCHA,0,2,CHA,95
PHI,112,2017-02-09,20170209PHIORL,15,8,ORL,111
CLE,109,2017-02-09,20170209CLEOKC,21,5,OKC,118
UTA,105,2017-02-09,20170209UTADAL,21,10,DAL,112
BOS,120,2017-02-09,20170209BOSPOR,15,10,POR,111
DEN,131,2017-02-10,20170210DENNYK,13,8,NYK,123
MIA,108,2017-02-10,20170210MIABKN,4,4,BKN,99
SAS,103,2017-02-10,20170210SASDET,4,3,DET,92
GSW,122,2017-02-10,20170210GSWMEM,6,5,MEM,107
IND,107,2017-02-10,20170210INDWAS,7,6,WAS,112
LAL,122,2017-02-10,20170210LALMIL,6,5,MIL,114
NOP,122,2017-02-10,20170210NOPMIN,7,8,MIN,106
ATL,107,2017-02-10,20170210ATLSAC,17,10,SAC,108
CHI,97,2017-02-10,20170210CHIPHX,2,2,PHX,115
LAC,107,2017-02-11,20170211LACCHA,7,6,CHA,102
MIL,116,2017-02-11,20170211MILIND,-1,2,IND,100
DEN,109,2017-02-11,20170211DENCLE,4,4,CLE,125
MIA,109,2017-02-11,20170211MIAPHI,4,3,PHI,117
GSW,130,2017-02-11,20170211GSWOKC,11,7,OKC,114
ORL,80,2017-02-11,20170211ORLDAL,0,1,DAL,112
PHX,102,2017-02-11,20170211PHXHOU,3,3,HOU,133
BOS,112,2017-02-11,20170211BOSUTA,6,4,UTA,104
CHI,89,2017-02-12,20170212CHIMIN,-3,1,MIN,117
SAS,90,2017-02-12,20170212SASNYK,13,7,NYK,94
DET,102,2017-02-12,20170212DETTOR,17,10,TOR,101
NOP,99,2017-02-12,20170212NOPSAC,6,6,SAC,105
PHI,105,2017-02-13,20170213PHICHA,6,3,CHA,99
SAS,110,2017-02-13,20170213SASIND,13,7,IND,106
MEM,112,2017-02-13,20170213MEMBKN,2,3,BKN,103
ORL,116,2017-02-13,20170213ORLMIA,5,3,MIA,107
DET,89,2017-02-13,20170213DETMIL,2,2,MIL,102
OKC,98,2017-02-13,20170213OKCWAS,1,2,WAS,120
BOS,111,2017-02-13,20170213BOSDAL,5,3,DAL,98
GSW,110,2017-02-13,20170213GSWDEN,12,3,DEN,132
LAC,88,2017-02-13,20170213LACUTA,4,4,UTA,72
NOP,110,2017-02-13,20170213NOPPHX,13,8,PHX,108
ATL,109,2017-02-13,20170213ATLPOR,17,8,POR,104
CLE,116,2017-02-14,20170214CLEMIN,11,6,MIN,108
TOR,94,2017-02-14,20170214TORCHI,3,3,CHI,105
SAC,97,2017-02-14,20170214SACLAL,8,6,LAL,96
IND,104,2017-02-15,20170215INDCLE,7,3,CLE,113
SAS,107,2017-02-15,20170215SASORL,2,2,ORL,79
CHA,85,2017-02-15,20170215CHATOR,14,9,TOR,90
DAL,91,2017-02-15,20170215DALDET,3,3,DET,98
MIL,129,2017-02-15,20170215MILBKN,5,4,BKN,125
PHI,108,2017-02-15,20170215PHIBOS,6,4,BOS,116
MIA,117,2017-02-15,20170215MIAHOU,3,3,HOU,109
NOP,95,2017-02-15,20170215NOPMEM,5,4,MEM,91
LAL,101,2017-02-15,20170215LALPHX,1,1,PHX,137
MIN,112,2017-02-15,20170215MINDEN,4,4,DEN,99
POR,88,2017-02-15,20170215PORUTA,2,3,UTA,111
NYK,105,2017-02-15,20170215NYKOKC,18,8,OKC,116
ATL,84,2017-02-15,20170215ATLLAC,4,3,LAC,99
SAC,86,2017-02-15,20170215SACGSW,5,2,GSW,109
WAS,111,2017-02-16,20170216WASIND,1,2,IND,98
BOS,103,2017-02-16,20170216BOSCHI,16,7,CHI,104
EST,182,2017-02-19,20170219ESTWST,-19,6,WST,192
POR,112,2017-02-23,20170223PORORL,6,6,ORL,103
CHA,108,2017-02-23,20170223CHADET,14,9,DET,114
HOU,129,2017-02-23,20170223HOUNOP,0,1,NOP,99
NYK,104,2017-02-23,20170223NYKCLE,2,3,CLE,119
DEN,100,2017-02-23,20170223DENSAC,6,2,SAC,116
LAC,113,2017-02-23,20170223LACGSW,10,10,GSW,123
MEM,92,2017-02-24,20170224MEMIND,3,3,IND,102
WAS,112,2017-02-24,20170224WASPHI,4,5,PHI,120
BOS,97,2017-02-24,20170224BOSTOR,18,10,TOR,107
DAL,84,2017-02-24,20170224DALMIN,5,2,MIN,97
LAL,93,2017-02-24,20170224LALOKC,9,3,OKC,110
MIA,108,2017-02-24,20170224MIAATL,2,2,ATL,90
PHX,121,2017-02-24,20170224PHXCHI,11,7,CHI,128
UTA,109,2017-02-24,20170224UTAMIL,3,3,MIL,95
BKN,109,2017-02-24,20170224BKNDEN,2,2,DEN,129
SAS,105,2017-02-24,20170224SASLAC,10,6,LAC,97
CHA,99,2017-02-25,20170225CHASAC,1,2,SAC,85
ATL,86,2017-02-25,20170225ATLORL,2,2,ORL,105
PHI,109,2017-02-25,20170225PHINYK,15,7,NYK,110
IND,95,2017-02-25,20170225INDMIA,2,2,MIA,113
CHI,117,2017-02-25,20170225CHICLE,5,3,CLE,99
NOP,83,2017-02-25,20170225NOPDAL,0,2,DAL,96
MIN,130,2017-02-25,20170225MINHOU,4,3,HOU,142
BKN,95,2017-02-25,20170225BKNGSW,0,3,GSW,112
PHX,96,2017-02-26,20170226PHXMIL,10,5,MIL,100
SAS,119,2017-02-26,20170226SASLAL,-2,2,LAL,98
MEM,105,2017-02-26,20170226MEMDEN,5,6,DEN,98
UTA,102,2017-02-26,20170226UTAWAS,3,3,WAS,92
BOS,104,2017-02-26,20170226BOSDET,8,4,DET,98
POR,106,2017-02-26,20170226PORTOR,11,9,TOR,112
NOP,110,2017-02-26,20170226NOPOKC,17,8,OKC,118
CHA,121,2017-02-26,20170226CHALAC,13,10,LAC,124
GSW,119,2017-02-27,20170227GSWPHI,8,4,PHI,108
MIL,95,2017-02-27,20170227MILCLE,9,4,CLE,102
TOR,92,2017-02-27,20170227TORNYK,24,10,NYK,91
ATL,114,2017-02-27,20170227ATLBOS,5,3,BOS,98
IND,117,2017-02-27,20170227INDHOU,14,8,HOU,108
MIA,89,2017-02-27,20170227MIADAL,13,6,DAL,96
MIN,102,2017-02-27,20170227MINSAC,0,2,SAC,88
GSW,108,2017-02-28,20170228GSWWAS,17,5,WAS,112
POR,113,2017-02-28,20170228PORDET,11,8,DET,120
DEN,125,2017-02-28,20170228DENCHI,3,3,CHI,107
PHX,112,2017-02-28,20170228PHXMEM,4,4,MEM,130
UTA,106,2017-02-28,20170228UTAOKC,20,9,OKC,109
CHA,109,2017-02-28,20170228CHALAL,6,5,LAL,104
NYK,101,2017-03-01,20170301NYKORL,2,2,ORL,90
DAL,95,2017-03-01,20170301DALATL,4,3,ATL,100
PHI,98,2017-03-01,20170301PHIMIA,1,1,MIA,125
WAS,105,2017-03-01,20170301WASTOR,6,3,TOR,96
CLE,99,2017-03-01,20170301CLEBOS,39,7,BOS,103
DEN,110,2017-03-01,20170301DENMIL,1,2,MIL,98
DET,86,2017-03-01,20170301DETNOP,0,1,NOP,109
IND,99,2017-03-01,20170301INDSAS,17,7,SAS,100
MIN,107,2017-03-01,20170301MINUTA,3,2,UTA,80
BKN,109,2017-03-01,20170301BKNSAC,1,2,SAC,100
HOU,122,2017-03-01,20170301HOULAC,2,3,LAC,103
GSW,87,2017-03-02,20170302GSWCHI,18,6,CHI,94
CHA,103,2017-03-02,20170302CHAPHX,2,2,PHX,120
OKC,109,2017-03-02,20170302OKCPOR,12,8,POR,114
MIA,99,2017-03-03,20170303MIAORL,3,2,ORL,110
NYK,102,2017-03-03,20170303NYKPHI,11,6,PHI,105
TOR,114,2017-03-03,20170303TORWAS,7,4,WAS,106
CLE,135,2017-03-03,20170303CLEATL,12,7,ATL,130
LAC,101,2017-03-03,20170303LACMIL,4,3,MIL,112
MEM,100,2017-03-03,20170303MEMDAL,4,4,DAL,104
BKN,97,2017-03-03,20170303BKNUTA,3,3,UTA,112
OKC,111,2017-03-03,20170303OKCPHX,13,10,PHX,118
SAS,101,2017-03-03,20170303SASNOP,16,8,NOP,98
BOS,115,2017-03-03,20170303BOSLAL,-6,2,LAL,95
DET,136,2017-03-04,20170304DETPHI,1,2,PHI,106
CLE,92,2017-03-04,20170304CLEMIA,0,2,MIA,120
TOR,94,2017-03-04,20170304TORMIL,6,4,MIL,101
LAC,101,2017-03-04,20170304LACCHI,4,3,CHI,91
CHA,112,2017-03-04,20170304CHADEN,3,2,DEN,102
MEM,108,2017-03-04,20170304MEMHOU,5,4,HOU,123
MIN,90,2017-03-04,20170304MINSAS,28,10,SAS,97
BKN,116,2017-03-04,20170304BKNPOR,4,4,POR,130
IND,97,2017-03-05,20170305INDATL,17,7,ATL,96
GSW,112,2017-03-05,20170305GSWNYK,8,4,NYK,105
BOS,106,2017-03-05,20170305BOSPHX,25,8,PHX,109
ORL,114,2017-03-05,20170305ORLWAS,16,10,WAS,115
UTA,110,2017-03-05,20170305UTASAC,20,10,SAC,109
OKC,89,2017-03-05,20170305OKCDAL,2,3,DAL,104
NOP,105,2017-03-05,20170305NOPLAL,3,2,LAL,97
MIA,106,2017-03-06,20170306MIACLE,6,3,CLE,98
MIL,112,2017-03-06,20170306MILPHI,1,2,PHI,98
NYK,113,2017-03-06,20170306NYKORL,9,5,ORL,105
CHI,95,2017-03-06,20170306CHIDET,5,5,DET,109
GSW,119,2017-03-06,20170306GSWATL,6,7,ATL,111
BKN,122,2017-03-06,20170306BKNMEM,8,7,MEM,109
IND,88,2017-03-06,20170306INDCHA,2,2,CHA,100
HOU,110,2017-03-06,20170306HOUSAS,42,10,SAS,112
NOP,83,2017-03-06,20170306NOPUTA,3,4,UTA,88
SAC,96,2017-03-06,20170306SACDEN,1,2,DEN,108
BOS,102,2017-03-06,20170306BOSLAC,9,7,LAC,116
POR,126,2017-03-07,20170307POROKC,21,10,OKC,121
LAL,111,2017-03-07,20170307LALDAL,4,3,DAL,122
WAS,131,2017-03-07,20170307WASPHX,6,4,PHX,127
CHI,91,2017-03-08,20170308CHIORL,6,6,ORL,98
BKN,105,2017-03-08,20170308BKNATL,6,5,ATL,110
CHA,101,2017-03-08,20170308CHAMIA,4,3,MIA,108
DET,98,2017-03-08,20170308DETIND,2,2,IND,115
LAC,91,2017-03-08,20170308LACMIN,4,3,MIN,107
NYK,93,2017-03-08,20170308NYKMIL,4,5,MIL,104
TOR,94,2017-03-08,20170308TORNOP,6,6,NOP,87
UTA,115,2017-03-08,20170308UTAHOU,7,5,HOU,108
SAC,104,2017-03-08,20170308SACSAS,20,8,SAS,114
WAS,123,2017-03-08,20170308WASDEN,3,3,DEN,113
BOS,99,2017-03-08,20170308BOSGSW,15,4,GSW,86
CLE,101,2017-03-09,20170309CLEDET,8,7,DET,106
LAC,114,2017-03-09,20170309LACMEM,4,4,MEM,98
SAS,92,2017-03-09,20170309SASOKC,6,4,OKC,102
PHI,108,2017-03-09,20170309PHIPOR,8,5,POR,114
LAL,122,2017-03-09,20170309LALPHX,3,3,PHX,110
ORL,81,2017-03-10,20170310ORLCHA,0,1,CHA,121
GSW,102,2017-03-10,20170310GSWMIN,29,7,MIN,103
HOU,115,2017-03-10,20170310HOUCHI,4,4,CHI,94
IND,85,2017-03-10,20170310INDMIL,2,2,MIL,99
TOR,99,2017-03-10,20170310TORATL,9,6,ATL,105
BKN,96,2017-03-10,20170310BKNDAL,3,2,DAL,105
BOS,99,2017-03-10,20170310BOSDEN,2,2,DEN,119
WAS,130,2017-03-10,20170310WASSAC,12,6,SAC,122
UTA,104,2017-03-11,20170311UTAOKC,6,4,OKC,112
PHI,100,2017-03-11,20170311PHILAC,5,3,LAC,112
NYK,92,2017-03-11,20170311NYKDET,-4,1,DET,112
CLE,116,2017-03-11,20170311CLEORL,3,3,ORL,104
NOP,125,2017-03-11,20170311NOPCHA,17,9,CHA,122
MIN,95,2017-03-11,20170311MINMIL,7,5,MIL,102
TOR,89,2017-03-11,20170311TORMIA,2,3,MIA,104
GSW,85,2017-03-11,20170311GSWSAS,-9,3,SAS,107
ATL,107,2017-03-11,20170311ATLMEM,1,3,MEM,90
PHX,100,2017-03-11,20170311PHXDAL,17,8,DAL,98
WAS,125,2017-03-11,20170311WASPOR,23,10,POR,124
DEN,105,2017-03-11,20170311DENSAC,1,2,SAC,92
CHI,80,2017-03-12,20170312CHIBOS,-22,2,BOS,100
MIA,98,2017-03-12,20170312MIAIND,4,3,IND,102
NYK,112,2017-03-12,20170312NYKBKN,1,3,BKN,120
CLE,112,2017-03-12,20170312CLEHOU,21,8,HOU,117
POR,110,2017-03-12,20170312PORPHX,4,3,PHX,101
PHI,118,2017-03-12,20170312PHILAL,8,5,LAL,116
CHI,115,2017-03-13,20170313CHICHA,7,4,CHA,109
DAL,78,2017-03-13,20170313DALTOR,2,2,TOR,100
ATL,99,2017-03-13,20170313ATLSAS,7,3,SAS,107
MIL,93,2017-03-13,20170313MILMEM,2,2,MEM,113
WAS,104,2017-03-13,20170313WASMIN,4,2,MIN,119
LAC,108,2017-03-13,20170313LACUTA,11,6,UTA,114
LAL,101,2017-03-13,20170313LALDEN,1,1,DEN,129
ORL,115,2017-03-13,20170313ORLSAC,6,6,SAC,120
DET,96,2017-03-14,20170314DETCLE,1,2,CLE,128
IND,81,2017-03-14,20170314INDNYK,6,6,NYK,87
OKC,122,2017-03-14,20170314OKCBKN,5,3,BKN,104
POR,77,2017-03-14,20170314PORNOP,2,2,NOP,100
PHI,104,2017-03-14,20170314PHIGSW,16,10,GSW,106
CHA,77,2017-03-15,20170315CHAIND,-1,1,IND,98
DAL,112,2017-03-15,20170315DALWAS,12,7,WAS,107
MIN,104,2017-03-15,20170315MINBOS,2,3,BOS,117
NOP,112,2017-03-15,20170315NOPMIA,4,3,MIA,120
UTA,97,2017-03-15,20170315UTADET,2,3,DET,83
LAL,100,2017-03-15,20170315LALHOU,-1,1,HOU,139
MEM,98,2017-03-15,20170315MEMCHI,5,4,CHI,91
POR,110,2017-03-15,20170315PORSAS,21,10,SAS,106
SAC,107,2017-03-15,20170315SACPHX,5,5,PHX,101
MIL,97,2017-03-15,20170315MILLAC,17,7,LAC,96
OKC,123,2017-03-16,20170316OKCTOR,2,3,TOR,102
UTA,83,2017-03-16,20170316UTACLE,7,4,CLE,91
BKN,121,2017-03-16,20170316BKNNYK,0,3,NYK,110
MEM,103,2017-03-16,20170316MEMATL,1,3,ATL,91
LAC,114,2017-03-16,20170316LACDEN,4,4,DEN,129
ORL,92,2017-03-16,20170316ORLGSW,0,2,GSW,122
CHI,107,2017-03-17,20170317CHIWAS,7,4,WAS,112
DAL,74,2017-03-17,20170317DALPHI,2,1,PHI,116
BOS,98,2017-03-17,20170317BOSBKN,8,7,BKN,95
TOR,87,2017-03-17,20170317TORDET,4,3,DET,75
HOU,112,2017-03-17,20170317HOUNOP,6,5,NOP,128
MIN,105,2017-03-17,20170317MINMIA,2,2,MIA,123
ORL,109,2017-03-17,20170317ORLPHX,5,3,PHX,103
MIL,107,2017-03-17,20170317MILLAL,5,3,LAL,103
SAC,94,2017-03-18,20170318SACOKC,4,3,OKC,110
POR,113,2017-03-18,20170318PORATL,3,3,ATL,97
WAS,93,2017-03-18,20170318WASCHA,7,5,CHA,98
CLE,78,2017-03-18,20170318CLELAC,-5,3,LAC,108
SAS,96,2017-03-18,20170318SASMEM,6,6,MEM,104
UTA,86,2017-03-18,20170318UTACHI,8,6,CHI,95
HOU,109,2017-03-18,20170318HOUDEN,9,7,DEN,105
MIL,92,2017-03-18,20170318MILGSW,2,5,GSW,117
DAL,111,2017-03-19,20170319DALBKN,3,3,BKN,104
BOS,99,2017-03-19,20170319BOSPHI,12,7,PHI,105
PHX,95,2017-03-19,20170319PHXDET,5,5,DET,112
IND,91,2017-03-19,20170319INDTOR,1,2,TOR,116
MIN,109,2017-03-19,20170319MINNOP,7,6,NOP,123
POR,115,2017-03-19,20170319PORMIA,9,5,MIA,104
SAC,102,2017-03-19,20170319SACSAS,5,6,SAS,118
CLE,125,2017-03-19,20170319CLELAL,19,10,LAL,120
ATL,90,2017-03-20,20170320ATLCHA,1,2,CHA,105
PHI,109,2017-03-20,20170320PHIORL,13,10,ORL,112
UTA,100,2017-03-20,20170320UTAIND,5,4,IND,107
WAS,102,2017-03-20,20170320WASBOS,2,3,BOS,110
DEN,124,2017-03-20,20170320DENHOU,16,5,HOU,125
GSW,111,2017-03-20,20170320GSWOKC,4,4,OKC,95
NYK,105,2017-03-20,20170320NYKLAC,2,3,LAC,114
CHI,120,2017-03-21,20170321CHITOR,22,10,TOR,122
DET,96,2017-03-21,20170321DETBKN,11,6,BKN,98
PHX,97,2017-03-21,20170321PHXMIA,1,2,MIA,112
MEM,82,2017-03-21,20170321MEMNOP,14,8,NOP,95
GSW,112,2017-03-21,20170321GSWDAL,0,2,DAL,87
SAS,100,2017-03-21,20170321SASMIN,13,7,MIN,93
MIL,93,2017-03-21,20170321MILPOR,8,7,POR,90
LAC,133,2017-03-21,20170321LACLAL,-3,3,LAL,109
CHA,109,2017-03-22,20170322CHAORL,4,5,ORL,102
IND,100,2017-03-22,20170322INDBOS,4,3,BOS,109
ATL,100,2017-03-22,20170322ATLWAS,11,6,WAS,104
DET,95,2017-03-22,20170322DETCHI,0,1,CHI,117
PHI,97,2017-03-22,20170322PHIOKC,3,2,OKC,122
CLE,113,2017-03-22,20170322CLEDEN,5,4,DEN,126
MIL,116,2017-03-22,20170322MILSAC,2,2,SAC,98
NYK,101,2017-03-22,20170322NYKUTA,10,7,UTA,108
PHX,98,2017-03-23,20170323PHXBKN,2,4,BKN,126
TOR,101,2017-03-23,20170323TORMIA,6,8,MIA,84
LAC,95,2017-03-23,20170323LACDAL,15,5,DAL,97
MEM,90,2017-03-23,20170323MEMSAS,8,5,SAS,97
NYK,95,2017-03-23,20170323NYKPOR,2,3,POR,110
BKN,108,2017-03-24,20170324BKNWAS,1,2,WAS,129
CLE,112,2017-03-24,20170324CLECHA,3,4,CHA,105
DEN,125,2017-03-24,20170324DENIND,2,3,IND,117
DET,87,2017-03-24,20170324DETORL,-3,1,ORL,115
PHX,120,2017-03-24,20170324PHXBOS,21,7,BOS,130
ATL,97,2017-03-24,20170324ATLMIL,7,4,MIL,100
NOP,107,2017-03-24,20170324NOPHOU,7,5,HOU,117
PHI,117,2017-03-24,20170324PHICHI,3,3,CHI,107
MIN,119,2017-03-24,20170324MINLAL,8,6,LAL,130
SAC,100,2017-03-24,20170324SACGSW,5,3,GSW,114
UTA,95,2017-03-25,20170325UTALAC,3,4,LAC,108
WAS,127,2017-03-25,20170325WASCLE,14,4,CLE,115
NYK,98,2017-03-25,20170325NYKSAS,5,3,SAS,106
TOR,94,2017-03-25,20170325TORDAL,5,3,DAL,86
MIN,100,2017-03-25,20170325MINPOR,1,3,POR,112
BKN,107,2017-03-26,20170326BKNATL,4,2,ATL,92
PHX,106,2017-03-26,20170326PHXCHA,3,3,CHA,120
CHI,109,2017-03-26,20170326CHIMIL,6,5,MIL,94
OKC,125,2017-03-26,20170326OKCHOU,4,4,HOU,137
SAC,98,2017-03-26,20170326SACLAC,24,10,LAC,97
MIA,108,2017-03-26,20170326MIABOS,15,8,BOS,112
PHI,94,2017-03-26,20170326PHIIND,1,2,IND,107
MEM,94,2017-03-26,20170326MEMGSW,6,4,GSW,106
NOP,115,2017-03-26,20170326NOPDEN,3,1,DEN,90
POR,97,2017-03-26,20170326PORLAL,4,3,LAL,81
DET,95,2017-03-27,20170327DETNYK,3,2,NYK,109
ORL,112,2017-03-27,20170327ORLTOR,2,4,TOR,131
CLE,74,2017-03-27,20170327CLESAS,-7,3,SAS,103
OKC,92,2017-03-27,20170327OKCDAL,26,8,DAL,91
MEM,90,2017-03-27,20170327MEMSAC,12,7,SAC,91
NOP,100,2017-03-27,20170327NOPUTA,3,3,UTA,108
MIL,118,2017-03-28,20170328MILCHA,3,3,CHA,108
MIN,115,2017-03-28,20170328MININD,14,7,IND,114
MIA,97,2017-03-28,20170328MIADET,18,4,DET,96
PHI,106,2017-03-28,20170328PHIBKN,4,5,BKN,101
PHX,91,2017-03-28,20170328PHXATL,4,3,ATL,95
GSW,113,2017-03-28,20170328GSWHOU,9,5,HOU,106
DEN,113,2017-03-28,20170328DENPOR,6,4,POR,122
WAS,119,2017-03-28,20170328WASLAL,9,8,LAL,108
ATL,99,2017-03-29,20170329ATLPHI,5,5,PHI,92
OKC,114,2017-03-29,20170329OKCORL,28,10,ORL,106
CHA,110,2017-03-29,20170329CHATOR,13,7,TOR,106
MIA,105,2017-03-29,20170329MIANYK,2,2,NYK,88
MIL,103,2017-03-29,20170329MILBOS,14,7,BOS,100
DAL,118,2017-03-29,20170329DALNOP,7,7,NOP,121
IND,97,2017-03-29,20170329INDMEM,2,3,MEM,110
GSW,110,2017-03-29,20170329GSWSAS,27,9,SAS,98
UTA,112,2017-03-29,20170329UTASAC,0,2,SAC,82
WAS,124,2017-03-29,20170329WASLAC,7,6,LAC,133
BKN,89,2017-03-30,20170330BKNDET,6,6,DET,90
CLE,93,2017-03-30,20170330CLECHI,10,6,CHI,99
LAL,104,2017-03-30,20170330LALMIN,3,2,MIN,119
LAC,124,2017-03-30,20170330LACPHX,5,5,PHX,118
HOU,107,2017-03-30,20170330HOUPOR,5,4,POR,117
DEN,114,2017-03-31,20170331DENCHA,7,6,CHA,122
IND,100,2017-03-31,20170331INDTOR,5,5,TOR,111
ORL,116,2017-03-31,20170331ORLBOS,12,9,BOS,117
PHI,105,2017-03-31,20170331PHICLE,-2,3,CLE,122
DAL,90,2017-03-31,20170331DALMEM,1,3,MEM,99
DET,105,2017-03-31,20170331DETMIL,10,7,MIL,108
NYK,98,2017-03-31,20170331NYKMIA,5,5,MIA,94
SAC,89,2017-03-31,20170331SACNOP,3,1,NOP,117
WAS,88,2017-03-31,20170331WASUTA,6,6,UTA,95
SAS,100,2017-03-31,20170331SASOKC,24,10,OKC,95
HOU,98,2017-03-31,20170331HOUGSW,9,6,GSW,107
LAL,104,2017-04-01,20170401LALLAC,4,3,LAC,115
ATL,104,2017-04-01,20170401ATLCHI,10,6,CHI,106
ORL,111,2017-04-01,20170401ORLBKN,3,3,BKN,121
SAC,123,2017-04-01,20170401SACMIN,7,9,MIN,117
PHX,117,2017-04-01,20170401PHXPOR,4,4,POR,130
BOS,110,2017-04-02,20170402BOSNYK,1,3,NYK,94
CHA,113,2017-04-02,20170402CHAOKC,7,5,OKC,101
DAL,109,2017-04-02,20170402DALMIL,5,5,MIL,105
MEM,103,2017-04-02,20170402MEMLAL,10,8,LAL,108
UTA,103,2017-04-02,20170402UTASAS,6,5,SAS,109
ATL,82,2017-04-02,20170402ATLBKN,3,2,BKN,91
CHI,117,2017-04-02,20170402CHINOP,7,4,NOP,110
DEN,116,2017-04-02,20170402DENMIA,6,5,MIA,113
IND,130,2017-04-02,20170402INDCLE,32,10,CLE,135
PHI,105,2017-04-02,20170402PHITOR,3,3,TOR,113
WAS,115,2017-04-02,20170402WASGSW,7,5,GSW,139
HOU,123,2017-04-02,20170402HOUPHX,3,4,PHX,116
POR,109,2017-04-03,20170403PORMIN,14,9,MIN,110
BKN,141,2017-04-04,20170404BKNPHI,3,2,PHI,118
CHA,111,2017-04-04,20170404CHAWAS,7,7,WAS,118
ORL,102,2017-04-04,20170404ORLCLE,5,2,CLE,122
TOR,90,2017-04-04,20170404TORIND,7,8,IND,108
CHI,91,2017-04-04,20170404CHINYK,1,2,NYK,100
DEN,134,2017-04-04,20170404DENNOP,13,9,NOP,131
MIL,79,2017-04-04,20170404MILOKC,5,2,OKC,110
MEM,89,2017-04-04,20170404MEMSAS,18,8,SAS,95
POR,87,2017-04-04,20170404PORUTA,4,4,UTA,106
DAL,87,2017-04-04,20170404DALSAC,0,2,SAC,98
MIN,107,2017-04-04,20170404MINGSW,9,6,GSW,121
MIA,112,2017-04-05,20170405MIACHA,3,2,CHA,99
TOR,105,2017-04-05,20170405TORDET,13,10,DET,102
CLE,114,2017-04-05,20170405CLEBOS,1,3,BOS,91
DEN,104,2017-04-05,20170405DENHOU,2,3,HOU,110
OKC,103,2017-04-05,20170405OKCMEM,19,10,MEM,100
LAL,102,2017-04-05,20170405LALSAS,4,4,SAS,95
GSW,120,2017-04-05,20170405GSWPHX,6,6,PHX,111
DAL,101,2017-04-05,20170405DALLAC,3,3,LAC,112
BKN,107,2017-04-06,20170406BKNORL,1,3,ORL,115
CHI,102,2017-04-06,20170406CHIPHI,3,2,PHI,90
MIL,89,2017-04-06,20170406MILIND,0,2,IND,104
WAS,106,2017-04-06,20170406WASNYK,11,6,NYK,103
BOS,116,2017-04-06,20170406BOSATL,7,5,ATL,123
MIN,98,2017-04-06,20170406MINPOR,8,7,POR,105
ATL,114,2017-04-07,20170407ATLCLE,10,3,CLE,100
MIA,94,2017-04-07,20170407MIATOR,11,7,TOR,96
DET,114,2017-04-07,20170407DETHOU,10,7,HOU,109
NYK,88,2017-04-07,20170407NYKMEM,3,3,MEM,101
SAS,102,2017-04-07,20170407SASDAL,6,8,DAL,89
MIN,113,2017-04-07,20170407MINUTA,6,7,UTA,120
NOP,106,2017-04-07,20170407NOPDEN,3,3,DEN,122
OKC,99,2017-04-07,20170407OKCPHX,-3,2,PHX,120
SAC,94,2017-04-07,20170407SACLAL,6,6,LAL,98
CHI,106,2017-04-08,20170408CHIBKN,13,7,BKN,107
BOS,121,2017-04-08,20170408BOSCHA,6,5,CHA,114
IND,127,2017-04-08,20170408INDORL,1,3,ORL,112
MIA,106,2017-04-08,20170408MIAWAS,11,6,WAS,103
MIL,90,2017-04-08,20170408MILPHI,2,2,PHI,82
LAC,98,2017-04-08,20170408LACSAS,5,4,SAS,87
UTA,86,2017-04-08,20170408UTAPOR,12,7,POR,101
NOP,101,2017-04-08,20170408NOPGSW,0,2,GSW,123
TOR,110,2017-04-09,20170409TORNYK,2,3,NYK,97
CLE,125,2017-04-09,20170409CLEATL,51,10,ATL,126
OKC,106,2017-04-09,20170409OKCDEN,51,10,DEN,105
DAL,111,2017-04-09,20170409DALPHX,4,3,PHX,124
DET,103,2017-04-09,20170409DETMEM,7,6,MEM,90
HOU,135,2017-04-09,20170409HOUSAC,5,4,SAC,128
MIN,109,2017-04-09,20170409MINLAL,22,9,LAL,110
IND,120,2017-04-10,20170410INDPHI,1,3,PHI,111
BKN,105,2017-04-10,20170410BKNBOS,0,3,BOS,114
CLE,121,2017-04-10,20170410CLEMIA,19,9,MIA,124
CHA,79,2017-04-10,20170410CHAMIL,2,2,MIL,89
ORL,75,2017-04-10,20170410ORLCHI,0,1,CHI,122
WAS,105,2017-04-10,20170410WASDET,3,3,DET,101
SAS,98,2017-04-10,20170410SASPOR,18,8,POR,99
HOU,96,2017-04-10,20170410HOULAC,1,2,LAC,125
UTA,105,2017-04-10,20170410UTAGSW,9,7,GSW,99
CHA,76,2017-04-11,20170411CHAATL,4,1,ATL,103
OKC,100,2017-04-11,20170411OKCMIN,11,7,MIN,98
DEN,109,2017-04-11,20170411DENDAL,3,2,DAL,91
NOP,96,2017-04-11,20170411NOPLAL,1,2,LAL,108
PHX,104,2017-04-11,20170411PHXSAC,1,1,SAC,129
ATL,86,2017-04-12,20170412ATLIND,2,2,IND,104
BKN,73,2017-04-12,20170412BKNCHI,1,1,CHI,112
DAL,100,2017-04-12,20170412DALMEM,8,7,MEM,93
DEN,111,2017-04-12,20170412DENOKC,9,7,OKC,105
DET,109,2017-04-12,20170412DETORL,3,4,ORL,113
MIL,94,2017-04-12,20170412MILBOS,6,6,BOS,112
MIN,118,2017-04-12,20170412MINHOU,4,4,HOU,123
PHI,113,2017-04-12,20170412PHINYK,9,7,NYK,114
TOR,98,2017-04-12,20170412TORCLE,3,4,CLE,83
WAS,102,2017-04-12,20170412WASMIA,1,2,MIA,110
SAS,97,2017-04-12,20170412SASUTA,4,5,UTA,101
LAL,94,2017-04-12,20170412LALGSW,1,3,GSW,109
NOP,103,2017-04-12,20170412NOPPOR,7,7,POR,100
SAC,95,2017-04-12,20170412SACLAC,1,2,LAC,115
IND,108,2017-04-15,20170415INDCLE,53,6,CLE,109
MIL,97,2017-04-15,20170415MILTOR,12,3,TOR,83
MEM,82,2017-04-15,20170415MEMSAS,6,6,SAS,111
UTA,97,2017-04-15,20170415UTALAC,75,8,LAC,95
ATL,107,2017-04-16,20170416ATLWAS,12,4,WAS,114
POR,109,2017-04-16,20170416PORGSW,28,7,GSW,121
CHI,106,2017-04-16,20170416CHIBOS,27,6,BOS,102
OKC,87,2017-04-16,20170416OKCHOU,0,2,HOU,118
IND,111,2017-04-17,20170417INDCLE,15,5,CLE,117
MEM,82,2017-04-17,20170417MEMSAS,3,4,SAS,96
MIL,100,2017-04-18,20170418MILTOR,25,4,TOR,106
CHI,111,2017-04-18,20170418CHIBOS,7,3,BOS,97
UTA,91,2017-04-18,20170418UTALAC,5,4,LAC,99
ATL,101,2017-04-19,20170419ATLWAS,14,4,WAS,109
OKC,111,2017-04-19,20170419OKCHOU,19,10,HOU,115
POR,81,2017-04-19,20170419PORGSW,-5,3,GSW,110
CLE,119,2017-04-20,20170420CLEIND,55,10,IND,114
TOR,77,2017-04-20,20170420TORMIL,2,2,MIL,104
SAS,94,2017-04-20,20170420SASMEM,5,4,MEM,105
BOS,104,2017-04-21,20170421BOSCHI,4,3,CHI,87
HOU,113,2017-04-21,20170421HOUOKC,30,10,OKC,115
LAC,111,2017-04-21,20170421LACUTA,21,10,UTA,106
TOR,87,2017-04-22,20170422TORMIL,12,5,MIL,76
WAS,98,2017-04-22,20170422WASATL,2,2,ATL,116
SAS,108,2017-04-22,20170422SASMEM,67,10,MEM,110
GSW,119,2017-04-22,20170422GSWPOR,27,10,POR,113
CLE,106,2017-04-23,20170423CLEIND,13,4,IND,102
HOU,113,2017-04-23,20170423HOUOKC,29,8,OKC,109
BOS,104,2017-04-23,20170423BOSCHI,10,3,CHI,95
LAC,98,2017-04-23,20170423LACUTA,16,7,UTA,105
MIL,93,2017-04-24,20170424MILTOR,3,2,TOR,118
WAS,101,2017-04-24,20170424WASATL,5,2,ATL,111
GSW,128,2017-04-24,20170424GSWPOR,-3,3,POR,103
OKC,99,2017-04-25,20170425OKCHOU,12,8,HOU,105
MEM,103,2017-04-25,20170425MEMSAS,5,4,SAS,116
UTA,96,2017-04-25,20170425UTALAC,17,7,LAC,92
ATL,99,2017-04-26,20170426ATLWAS,11,5,WAS,103
CHI,97,2017-04-26,20170426CHIBOS,5,3,BOS,108
TOR,92,2017-04-27,20170427TORMIL,29,7,MIL,89
SAS,103,2017-04-27,20170427SASMEM,14,7,MEM,96
WAS,115,2017-04-28,20170428WASATL,4,4,ATL,99
BOS,105,2017-04-28,20170428BOSCHI,-5,2,CHI,83
LAC,98,2017-04-28,20170428LACUTA,13,5,UTA,93
WAS,111,2017-04-30,20170430WASBOS,27,9,BOS,123
UTA,104,2017-04-30,20170430UTALAC,6,4,LAC,91
TOR,105,2017-05-01,20170501TORCLE,3,4,CLE,116
HOU,126,2017-05-01,20170501HOUSAS,-5,2,SAS,99
WAS,119,2017-05-02,20170502WASBOS,63,10,BOS,129
UTA,94,2017-05-02,20170502UTAGSW,1,4,GSW,106
TOR,103,2017-05-03,20170503TORCLE,0,3,CLE,125
HOU,96,2017-05-03,20170503HOUSAS,7,2,SAS,121
BOS,89,2017-05-04,20170504BOSWAS,0,2,WAS,116
UTA,104,2017-05-04,20170504UTAGSW,4,4,GSW,115
CLE,115,2017-05-05,20170505CLETOR,5,3,TOR,94
SAS,103,2017-05-05,20170505SASHOU,12,5,HOU,92
GSW,102,2017-05-06,20170506GSWUTA,7,4,UTA,91
CLE,109,2017-05-07,20170507CLETOR,12,5,TOR,102
BOS,102,2017-05-07,20170507BOSWAS,9,6,WAS,121
SAS,104,2017-05-07,20170507SASHOU,0,2,HOU,125
GSW,121,2017-05-08,20170508GSWUTA,1,3,UTA,95
HOU,107,2017-05-09,20170509HOUSAS,56,8,SAS,110
WAS,101,2017-05-10,20170510WASBOS,1,2,BOS,123
SAS,114,2017-05-11,20170511SASHOU,-12,2,HOU,75
BOS,91,2017-05-12,20170512BOSWAS,44,7,WAS,92
SAS,111,2017-05-14,20170514SASGSW,43,10,GSW,113
WAS,105,2017-05-15,20170515WASBOS,17,3,BOS,115
SAS,100,2017-05-16,20170516SASGSW,-26,3,GSW,136
CLE,117,2017-05-17,20170517CLEBOS,-16,4,BOS,104
CLE,130,2017-05-19,20170519CLEBOS,-22,3,BOS,86
GSW,120,2017-05-20,20170520GSWSAS,0,5,SAS,108
BOS,111,2017-05-21,20170521BOSCLE,42,10,CLE,108
GSW,129,2017-05-22,20170522GSWSAS,3,5,SAS,115
BOS,99,2017-05-23,20170523BOSCLE,18,10,CLE,112
CLE,135,2017-05-25,20170525CLEBOS,-1,3,BOS,102
CLE,91,2017-06-01,20170601CLEGSW,3,3,GSW,113
CLE,113,2017-06-04,20170604CLEGSW,11,5,GSW,132
GSW,118,2017-06-07,20170607GSWCLE,36,8,CLE,113
GSW,116,2017-06-09,20170609GSWCLE,26,6,CLE,137
